{
  "aggression": 2.9786813641751655,
  "tightness": 1.055199596368674,
  "bluffFreq": 0.6464289568950524,
  "posAware": 2.2245295320753953,
  "evAware": 2.209042081842104,
  "stackAware": 1.9705305842545875
}